,order_id,customer_id,payment,order_date,delivery_date
0,1,64,30811,2021-8-30,2021-09-24
1,2,473,50490,2021-2-3,2021-02-13
2,3,774,46763,2021-10-8,2021-11-03
3,4,433,39782,2021-5-6,2021-05-19
4,5,441,14719,2021-3-23,2021-03-24
5,6,800,16197,2021-9-9,2021-10-05
6,7,626,37666,2021-4-5,2021-04-11
7,8,58,28484,2021-4-12,2021-05-01
8,9,852,12896,2021-5-1,2021-05-11
9,10,659,21922,2021-10-15,2021-10-16
10,11,785,36624,2021-6-15,2021-06-30
11,12,120,55507,2021-6-30,2021-07-11
12,13,204,57810,2021-10-15,2021-10-31
13,14,957,21270,2021-3-29,2021-04-12
14,15,468,15488,2021-9-22,2021-10-08
15,16,564,36479,2021-7-7,2021-07-08
16,17,614,51822,2021-2-9,2021-02-11
17,18,299,22902,2021-1-1,2021-01-03
18,19,513,56754,2021-8-30,2021-09-10
19,20,789,45129,2021-1-13,2021-01-20
20,21,124,11261,2021-4-4,2021-04-17
21,22,180,36088,2021-5-28,2021-06-09
22,23,652,45711,2021-5-17,2021-05-22
23,24,469,14566,2021-9-4,2021-09-20
24,25,562,47075,2021-7-4,2021-07-08
25,26,732,15964,2021-4-25,2021-05-04
26,27,443,35513,2021-5-16,2021-05-28
27,28,206,29968,2021-8-19,2021-09-04
28,29,993,57645,2021-3-22,2021-03-28
29,30,260,59350,2021-7-7,2021-07-26
30,31,727,15722,2021-3-11,2021-04-05
31,32,627,24976,2021-6-17,2021-07-14
32,33,588,52945,2021-7-1,2021-07-07
33,34,412,36244,2021-5-23,2021-05-30
34,35,358,49665,2021-8-31,2021-09-07
35,36,51,32494,2021-8-22,2021-09-04
36,37,78,53949,2021-7-7,2021-07-18
37,38,809,46219,2021-2-3,2021-02-19
38,39,466,23990,2021-2-26,2021-03-20
39,40,86,56657,2021-1-7,2021-01-19
40,41,790,53386,2021-1-3,2021-01-09
41,42,690,33993,2021-7-29,2021-08-02
42,43,570,22839,2021-7-13,2021-08-03
43,44,849,17071,2021-9-7,2021-09-22
44,45,571,21738,2021-5-30,2021-06-21
45,46,922,25378,2021-6-22,2021-07-04
46,47,791,35453,2021-4-21,2021-04-23
47,48,620,31712,2021-4-16,2021-04-23
48,49,336,24219,2021-1-22,2021-02-13
49,50,454,50310,2021-9-16,2021-09-18
50,51,399,18423,2021-2-19,2021-02-26
51,52,493,32155,2021-10-6,2021-10-29
52,53,528,10517,2021-4-22,2021-05-02
53,54,195,13681,2021-4-25,2021-05-17
54,55,873,55650,2021-4-8,2021-04-25
55,56,587,17149,2021-1-23,2021-02-18
56,57,163,41495,2021-2-27,2021-03-13
57,58,332,42861,2021-2-2,2021-02-10
58,59,843,21858,2021-1-31,2021-02-27
59,60,301,31491,2021-2-5,2021-02-28
60,61,158,42290,2021-4-16,2021-04-28
61,62,93,37952,2021-7-30,2021-08-13
62,63,556,27577,2021-2-11,2021-03-08
63,64,167,23668,2021-1-24,2021-02-15
64,65,388,22051,2021-6-26,2021-07-22
65,66,631,42774,2021-8-14,2021-08-22
66,67,504,52694,2021-5-22,2021-06-17
67,68,180,20552,2021-2-12,2021-02-18
68,69,96,40619,2021-3-8,2021-03-28
69,70,802,11279,2021-5-15,2021-05-26
70,71,795,20283,2021-2-14,2021-02-16
71,72,610,40072,2021-3-13,2021-03-16
72,73,965,16715,2021-7-24,2021-08-19
73,74,391,39655,2021-2-23,2021-02-27
74,75,68,16667,2021-8-24,2021-09-15
75,76,470,22762,2021-6-18,2021-06-26
76,77,680,56675,2021-4-19,2021-04-29
77,78,681,58179,2021-5-13,2021-05-29
78,79,236,54340,2021-3-16,2021-03-25
79,80,872,59554,2021-4-26,2021-05-20
80,81,736,30150,2021-6-13,2021-06-15
81,82,927,32502,2021-2-2,2021-02-27
82,83,537,39729,2021-6-25,2021-07-01
83,84,181,43438,2021-8-26,2021-09-20
84,85,251,43533,2021-3-10,2021-03-22
85,86,874,27045,2021-8-5,2021-08-11
86,87,325,32961,2021-6-20,2021-07-16
87,88,567,10904,2021-7-19,2021-08-15
88,89,448,29268,2021-10-22,2021-11-16
89,90,809,11475,2021-6-13,2021-07-07
90,91,803,16601,2021-9-2,2021-09-15
91,92,273,37239,2021-1-12,2021-01-30
92,93,908,52379,2021-10-22,2021-11-11
93,94,629,47031,2021-3-8,2021-03-26
94,95,413,52416,2021-1-25,2021-02-05
95,96,415,12119,2021-6-20,2021-06-30
96,97,106,17772,2021-3-29,2021-03-31
97,98,257,44700,2021-4-29,2021-05-08
98,99,291,26787,2021-9-13,2021-09-25
99,100,817,57063,2021-3-30,2021-04-16
100,101,807,25174,2021-1-31,2021-02-27
101,102,846,41382,2021-5-7,2021-05-26
102,103,209,49852,2021-6-16,2021-06-24
103,104,366,11454,2021-6-5,2021-06-23
104,105,456,46013,2021-6-25,2021-07-14
105,106,573,12033,2021-3-9,2021-03-28
106,107,127,58760,2021-1-11,2021-02-03
107,108,935,52439,2021-3-7,2021-03-28
108,109,554,12707,2021-4-6,2021-04-29
109,110,607,15385,2021-9-2,2021-09-06
110,111,794,34096,2021-3-30,2021-04-14
111,112,75,46956,2021-2-4,2021-02-17
112,113,565,49592,2021-3-19,2021-04-08
113,114,160,49686,2021-8-8,2021-09-02
114,115,492,12685,2021-4-11,2021-04-22
115,116,510,15397,2021-4-25,2021-05-20
116,117,971,58134,2021-1-8,2021-01-23
117,118,639,37950,2021-2-20,2021-02-22
118,119,545,19955,2021-4-29,2021-05-06
119,120,585,53001,2021-6-9,2021-06-14
120,121,549,27436,2021-4-21,2021-04-23
121,122,732,29226,2021-4-13,2021-05-04
122,123,471,17133,2021-3-4,2021-03-22
123,124,776,43888,2021-7-6,2021-07-15
124,125,321,29600,2021-10-22,2021-11-03
125,126,326,29536,2021-1-31,2021-02-20
126,127,51,43262,2021-4-1,2021-04-11
127,128,936,17661,2021-10-13,2021-11-09
128,129,428,42185,2021-5-24,2021-05-27
129,130,439,12827,2021-6-20,2021-07-15
130,131,629,52850,2021-9-20,2021-09-24
131,132,562,10396,2021-4-17,2021-05-01
132,133,878,43759,2021-7-7,2021-07-17
133,134,12,39451,2021-6-19,2021-07-01
134,135,942,53723,2021-5-15,2021-06-02
135,136,539,35331,2021-9-6,2021-09-08
136,137,298,58875,2021-10-18,2021-10-20
137,138,331,50666,2021-2-5,2021-02-10
138,139,871,11224,2021-6-15,2021-06-28
139,140,539,35025,2021-4-8,2021-04-13
140,141,528,40203,2021-8-26,2021-09-13
141,142,237,53165,2021-6-15,2021-07-12
142,143,828,37187,2021-2-8,2021-02-11
143,144,928,15762,2021-5-22,2021-05-28
144,145,871,26358,2021-2-2,2021-02-10
145,146,912,22750,2021-8-30,2021-09-26
146,147,818,20690,2021-9-28,2021-10-16
147,148,573,14073,2021-1-14,2021-01-24
148,149,500,31490,2021-3-3,2021-03-14
149,150,462,34428,2021-6-22,2021-06-27
150,151,357,24626,2021-8-8,2021-09-01
151,152,320,24866,2021-3-9,2021-03-12
152,153,727,49677,2021-10-21,2021-11-17
153,154,674,49994,2021-10-17,2021-11-07
154,155,834,11166,2021-6-30,2021-07-18
155,156,727,37878,2021-7-10,2021-07-29
156,157,909,17955,2021-4-7,2021-04-17
157,158,828,14010,2021-7-13,2021-08-04
158,159,208,12449,2021-9-5,2021-09-13
159,160,725,41442,2021-7-31,2021-08-06
160,161,566,45840,2021-3-22,2021-04-11
161,162,431,20238,2021-4-25,2021-05-05
162,163,84,11473,2021-6-12,2021-06-17
163,164,412,26249,2021-5-21,2021-06-03
164,165,389,28345,2021-6-23,2021-07-20
165,166,113,11914,2021-7-11,2021-07-14
166,167,595,44269,2021-6-26,2021-07-18
167,168,664,51244,2021-1-10,2021-01-27
168,169,996,22089,2021-3-9,2021-03-12
169,170,867,28597,2021-8-17,2021-09-03
170,171,443,19467,2021-9-14,2021-09-16
171,172,224,47514,2021-1-5,2021-01-27
172,173,435,30001,2021-6-6,2021-07-01
173,174,497,46769,2021-2-22,2021-03-17
174,175,309,57197,2021-3-22,2021-04-16
175,176,574,28185,2021-9-26,2021-10-04
176,177,315,11314,2021-8-20,2021-09-01
177,178,236,31542,2021-2-2,2021-02-08
178,179,161,52081,2021-6-10,2021-06-27
179,180,469,14617,2021-5-29,2021-06-22
180,181,241,23142,2021-1-29,2021-02-13
181,182,461,33720,2021-2-22,2021-03-04
182,183,715,51587,2021-10-6,2021-10-12
183,184,240,48997,2021-9-15,2021-09-29
184,185,945,46608,2021-4-6,2021-04-20
185,186,833,24061,2021-9-26,2021-10-14
186,187,401,15167,2021-1-10,2021-01-19
187,188,571,41180,2021-4-10,2021-04-22
188,189,586,41543,2021-7-17,2021-08-08
189,190,421,28420,2021-2-1,2021-02-17
190,191,18,31002,2021-1-22,2021-02-15
191,192,842,30614,2021-2-6,2021-02-19
192,193,846,54256,2021-6-6,2021-06-07
193,194,415,21994,2021-10-23,2021-11-03
194,195,92,41725,2021-4-13,2021-04-17
195,196,630,48990,2021-10-22,2021-11-16
196,197,110,23619,2021-4-30,2021-05-01
197,198,640,29627,2021-8-31,2021-09-13
198,199,206,58054,2021-5-17,2021-05-18
199,200,15,50335,2021-8-24,2021-09-07
200,201,325,56321,2021-5-26,2021-06-18
201,202,129,49559,2021-4-15,2021-04-22
202,203,369,40129,2021-6-21,2021-07-11
203,204,568,35005,2021-9-30,2021-10-10
204,205,267,23779,2021-2-3,2021-02-04
205,206,654,24189,2021-6-1,2021-06-16
206,207,644,57755,2021-9-25,2021-09-28
207,208,28,39533,2021-10-10,2021-10-15
208,209,292,36341,2021-5-8,2021-05-20
209,210,723,21903,2021-7-22,2021-08-18
210,211,515,37122,2021-5-9,2021-05-17
211,212,62,29887,2021-10-14,2021-11-08
212,213,678,37684,2021-9-14,2021-09-27
213,214,288,25179,2021-6-20,2021-07-09
214,215,526,27531,2021-8-10,2021-08-20
215,216,865,56745,2021-4-16,2021-05-04
216,217,234,47120,2021-7-18,2021-07-31
217,218,606,22309,2021-7-12,2021-07-20
218,219,667,14137,2021-1-5,2021-01-10
219,220,555,23957,2021-10-10,2021-10-25
220,221,473,49366,2021-8-3,2021-08-17
221,222,368,28754,2021-9-8,2021-10-05
222,223,657,13441,2021-3-23,2021-03-30
223,224,628,20293,2021-7-7,2021-08-02
224,225,664,27059,2021-10-4,2021-10-26
225,226,28,44799,2021-7-9,2021-07-23
226,227,406,36809,2021-10-23,2021-11-19
227,228,773,10857,2021-1-6,2021-01-17
228,229,107,15827,2021-10-8,2021-10-20
229,230,497,54581,2021-8-31,2021-09-18
230,231,731,58824,2021-3-20,2021-04-09
231,232,256,44567,2021-5-2,2021-05-16
232,233,996,29939,2021-9-3,2021-09-19
233,234,133,26314,2021-9-18,2021-10-10
234,235,767,23434,2021-9-28,2021-10-12
235,236,228,49109,2021-7-15,2021-08-08
236,237,829,20267,2021-3-16,2021-04-06
237,238,328,59828,2021-3-17,2021-03-27
238,239,530,45974,2021-10-13,2021-11-02
239,240,578,37612,2021-1-27,2021-02-01
240,241,401,33692,2021-7-22,2021-08-17
241,242,909,12202,2021-8-25,2021-09-13
242,243,263,31631,2021-7-6,2021-07-11
243,244,637,18966,2021-9-2,2021-09-09
244,245,191,49443,2021-5-6,2021-05-10
245,246,641,39230,2021-6-19,2021-07-16
246,247,68,39513,2021-10-19,2021-11-12
247,248,457,29329,2021-1-15,2021-01-20
248,249,86,47181,2021-5-13,2021-05-26
249,250,518,18564,2021-3-26,2021-04-03
250,251,433,30132,2021-7-31,2021-08-27
251,252,683,11465,2021-1-11,2021-02-05
252,253,179,38502,2021-9-10,2021-10-02
253,254,571,57662,2021-8-7,2021-09-03
254,255,605,16272,2021-9-26,2021-10-15
255,256,313,15452,2021-8-9,2021-08-12
256,257,914,43972,2021-2-12,2021-03-02
257,258,742,38266,2021-10-21,2021-11-13
258,259,878,47527,2021-8-16,2021-09-07
259,260,317,56068,2021-7-13,2021-07-25
260,261,250,55396,2021-2-6,2021-03-01
261,262,812,55461,2021-5-22,2021-05-24
262,263,372,12599,2021-6-19,2021-07-08
263,264,636,55537,2021-6-13,2021-06-18
264,265,189,40896,2021-7-4,2021-07-29
265,266,623,58746,2021-3-10,2021-03-20
266,267,34,44791,2021-9-11,2021-09-12
267,268,530,57006,2021-3-16,2021-04-10
268,269,89,21446,2021-2-5,2021-02-22
269,270,711,14024,2021-3-2,2021-03-27
270,271,469,39282,2021-6-7,2021-06-09
271,272,92,19661,2021-1-20,2021-01-31
272,273,828,13233,2021-10-7,2021-11-03
273,274,19,50173,2021-4-13,2021-04-27
274,275,329,17666,2021-1-5,2021-01-15
275,276,775,48376,2021-6-20,2021-06-24
276,277,659,48337,2021-4-5,2021-04-06
277,278,510,19930,2021-1-30,2021-02-13
278,279,620,51563,2021-7-25,2021-07-28
279,280,551,20352,2021-1-7,2021-01-08
280,281,489,19908,2021-7-3,2021-07-15
281,282,423,41504,2021-3-30,2021-04-18
282,283,303,14784,2021-9-4,2021-09-15
283,284,522,36627,2021-4-29,2021-05-16
284,285,882,41206,2021-9-25,2021-10-20
285,286,998,18840,2021-1-5,2021-01-08
286,287,799,10368,2021-9-9,2021-10-03
287,288,201,36160,2021-10-13,2021-10-16
288,289,977,10046,2021-1-26,2021-02-16
289,290,364,48707,2021-8-1,2021-08-16
290,291,112,50830,2021-1-12,2021-02-05
291,292,337,36699,2021-3-26,2021-04-04
292,293,426,32389,2021-8-5,2021-08-13
293,294,499,50667,2021-8-28,2021-09-15
294,295,412,55019,2021-3-5,2021-03-19
295,296,207,47076,2021-10-22,2021-10-25
296,297,256,23789,2021-6-15,2021-06-27
297,298,58,55984,2021-9-11,2021-09-20
298,299,994,58159,2021-1-12,2021-02-03
299,300,912,47255,2021-9-30,2021-10-25
300,301,535,12986,2021-6-21,2021-06-25
301,302,156,32298,2021-6-19,2021-07-07
302,303,758,58670,2021-9-2,2021-09-11
303,304,537,27293,2021-4-10,2021-05-03
304,305,234,13377,2021-7-9,2021-07-26
305,306,747,51492,2021-10-16,2021-10-19
306,307,679,17726,2021-10-11,2021-10-28
307,308,549,18834,2021-2-13,2021-03-08
308,309,390,26229,2021-1-7,2021-01-25
309,310,348,18372,2021-4-25,2021-05-15
310,311,807,21226,2021-3-7,2021-03-25
311,312,683,38591,2021-7-6,2021-07-31
312,313,266,24507,2021-6-2,2021-06-11
313,314,95,49262,2021-8-14,2021-08-17
314,315,239,18075,2021-4-5,2021-04-25
315,316,179,59876,2021-9-12,2021-09-20
316,317,876,18204,2021-4-23,2021-04-26
317,318,433,39332,2021-1-31,2021-02-17
318,319,933,29837,2021-8-22,2021-09-16
319,320,41,19693,2021-8-22,2021-09-12
320,321,833,36589,2021-8-26,2021-08-31
321,322,686,41400,2021-8-17,2021-09-12
322,323,852,11437,2021-3-23,2021-04-13
323,324,99,10411,2021-7-5,2021-07-16
324,325,318,18010,2021-5-11,2021-05-28
325,326,199,15380,2021-6-22,2021-07-01
326,327,710,11611,2021-7-28,2021-07-31
327,328,246,26653,2021-4-14,2021-05-08
328,329,820,58708,2021-4-30,2021-05-24
329,330,887,31700,2021-3-12,2021-04-08
330,331,414,38796,2021-3-18,2021-03-23
331,332,466,12799,2021-3-13,2021-03-14
332,333,367,21091,2021-10-18,2021-11-09
333,334,539,32277,2021-5-12,2021-05-23
334,335,485,51638,2021-9-30,2021-10-24
335,336,615,16829,2021-5-25,2021-05-28
336,337,341,49047,2021-8-2,2021-08-04
337,338,630,12762,2021-1-26,2021-02-13
338,339,409,15556,2021-4-6,2021-04-13
339,340,841,56172,2021-7-17,2021-08-13
340,341,602,13882,2021-2-7,2021-02-09
341,342,348,29452,2021-8-24,2021-09-08
342,343,673,37831,2021-9-17,2021-10-06
343,344,526,44938,2021-8-16,2021-09-06
344,345,711,17146,2021-2-14,2021-03-05
345,346,739,35045,2021-3-23,2021-04-06
346,347,209,18829,2021-5-29,2021-06-14
347,348,732,42741,2021-10-7,2021-10-28
348,349,847,36910,2021-4-13,2021-04-29
349,350,869,49770,2021-2-14,2021-03-02
350,351,478,37332,2021-5-2,2021-05-04
351,352,52,13270,2021-10-8,2021-10-10
352,353,774,46198,2021-3-30,2021-04-05
353,354,18,33908,2021-2-26,2021-03-08
354,355,46,33100,2021-4-14,2021-04-24
355,356,236,34259,2021-4-1,2021-04-15
356,357,70,30735,2021-2-8,2021-02-13
357,358,796,41343,2021-4-7,2021-04-12
358,359,661,47911,2021-5-16,2021-05-31
359,360,870,45309,2021-8-3,2021-08-08
360,361,988,18831,2021-2-6,2021-02-25
361,362,96,21601,2021-9-30,2021-10-07
362,363,882,57405,2021-1-25,2021-02-21
363,364,925,25525,2021-3-13,2021-04-03
364,365,485,37396,2021-4-14,2021-04-25
365,366,334,43210,2021-7-15,2021-07-30
366,367,181,35564,2021-2-20,2021-03-19
367,368,556,15258,2021-9-2,2021-09-21
368,369,729,24488,2021-3-26,2021-04-18
369,370,986,53990,2021-1-22,2021-02-11
370,371,727,28931,2021-8-29,2021-09-15
371,372,991,51705,2021-3-14,2021-03-19
372,373,581,25727,2021-3-13,2021-04-03
373,374,981,25047,2021-6-5,2021-06-20
374,375,655,19991,2021-1-20,2021-01-26
375,376,571,15454,2021-7-4,2021-07-17
376,377,21,24815,2021-5-19,2021-05-28
377,378,623,37922,2021-9-29,2021-10-25
378,379,467,15378,2021-2-13,2021-02-15
379,380,75,13269,2021-3-22,2021-03-28
380,381,258,36550,2021-4-11,2021-05-03
381,382,791,24647,2021-5-4,2021-05-15
382,383,469,36564,2021-9-8,2021-09-14
383,384,709,39383,2021-5-27,2021-06-22
384,385,146,43155,2021-8-8,2021-08-24
385,386,458,34948,2021-2-14,2021-03-03
386,387,341,34491,2021-6-11,2021-06-14
387,388,601,34341,2021-2-12,2021-02-17
388,389,643,42818,2021-4-20,2021-04-23
389,390,206,57651,2021-1-20,2021-01-24
390,391,726,24661,2021-5-16,2021-06-06
391,392,840,32036,2021-1-12,2021-01-25
392,393,803,24994,2021-5-6,2021-05-27
393,394,508,18584,2021-9-6,2021-09-10
394,395,728,24101,2021-3-26,2021-04-02
395,396,461,57491,2021-2-26,2021-03-03
396,397,446,33872,2021-2-3,2021-02-22
397,398,13,31626,2021-9-28,2021-10-13
398,399,331,57278,2021-10-21,2021-10-30
399,400,907,44904,2021-7-2,2021-07-25
400,401,94,24512,2021-8-14,2021-08-24
401,402,537,26681,2021-3-9,2021-04-04
402,403,980,17088,2021-9-16,2021-09-25
403,404,998,45215,2021-3-3,2021-03-09
404,405,493,51471,2021-8-9,2021-08-12
405,406,892,35512,2021-7-25,2021-08-18
406,407,835,42595,2021-1-9,2021-01-20
407,408,404,39757,2021-1-30,2021-02-15
408,409,206,15453,2021-5-3,2021-05-11
409,410,47,14296,2021-8-4,2021-08-09
410,411,771,38909,2021-3-17,2021-04-08
411,412,427,25520,2021-9-23,2021-10-13
412,413,589,35487,2021-10-17,2021-10-31
413,414,212,57052,2021-1-2,2021-01-03
414,415,947,35686,2021-7-14,2021-07-19
415,416,129,37878,2021-10-8,2021-10-25
416,417,729,45024,2021-9-14,2021-10-11
417,418,918,55376,2021-8-24,2021-09-15
418,419,745,19518,2021-10-20,2021-11-10
419,420,482,25541,2021-2-22,2021-03-19
420,421,691,24273,2021-9-28,2021-10-09
421,422,375,48025,2021-3-16,2021-03-26
422,423,507,34107,2021-6-12,2021-06-21
423,424,551,58723,2021-3-13,2021-03-18
424,425,606,12705,2021-2-21,2021-03-17
425,426,776,32793,2021-9-26,2021-10-16
426,427,282,20082,2021-1-27,2021-02-10
427,428,431,48629,2021-2-24,2021-03-23
428,429,754,23238,2021-2-8,2021-02-22
429,430,155,49272,2021-2-8,2021-03-01
430,431,325,35804,2021-4-25,2021-05-09
431,432,20,37821,2021-10-20,2021-11-03
432,433,419,32215,2021-8-18,2021-09-02
433,434,940,42284,2021-5-11,2021-06-01
434,435,886,56764,2021-2-17,2021-02-22
435,436,739,47040,2021-8-17,2021-09-10
436,437,269,42857,2021-8-25,2021-09-05
437,438,989,51250,2021-5-22,2021-05-31
438,439,286,15329,2021-8-24,2021-09-06
439,440,553,14884,2021-10-9,2021-10-30
440,441,726,13419,2021-2-28,2021-03-02
441,442,693,58324,2021-3-24,2021-03-30
442,443,966,10043,2021-3-9,2021-03-27
443,444,383,33452,2021-3-7,2021-03-26
444,445,893,27329,2021-7-7,2021-07-27
445,446,283,19398,2021-3-26,2021-03-30
446,447,100,59708,2021-1-10,2021-01-23
447,448,185,16486,2021-8-20,2021-08-31
448,449,163,56294,2021-10-23,2021-11-09
449,450,648,12078,2021-4-30,2021-05-05
450,451,566,29859,2021-8-25,2021-09-06
451,452,123,50557,2021-10-9,2021-10-22
452,453,371,53761,2021-8-13,2021-08-22
453,454,441,40423,2021-3-29,2021-04-12
454,455,1,24550,2021-4-4,2021-04-06
455,456,450,53893,2021-6-28,2021-07-20
456,457,490,52472,2021-3-4,2021-03-12
457,458,757,13142,2021-10-21,2021-11-10
458,459,853,24079,2021-6-18,2021-07-06
459,460,250,29924,2021-6-7,2021-06-17
460,461,244,53553,2021-2-14,2021-02-19
461,462,769,44429,2021-1-31,2021-02-20
462,463,641,19206,2021-3-16,2021-04-09
463,464,103,26925,2021-6-29,2021-07-25
464,465,7,48935,2021-5-21,2021-05-23
465,466,628,11363,2021-6-10,2021-07-05
466,467,102,23636,2021-2-24,2021-03-10
467,468,238,56092,2021-4-15,2021-04-17
468,469,907,25333,2021-4-27,2021-05-04
469,470,810,18707,2021-9-11,2021-10-04
470,471,282,56849,2021-7-8,2021-07-10
471,472,85,44735,2021-7-15,2021-07-29
472,473,61,36137,2021-5-19,2021-06-12
473,474,571,17401,2021-8-19,2021-09-09
474,475,696,36229,2021-5-27,2021-06-01
475,476,757,42157,2021-10-7,2021-11-02
476,477,97,37504,2021-6-20,2021-06-26
477,478,452,17279,2021-10-15,2021-10-23
478,479,51,18796,2021-6-27,2021-07-16
479,480,180,38248,2021-7-15,2021-08-05
480,481,227,17525,2021-8-20,2021-09-12
481,482,111,59910,2021-8-3,2021-08-09
482,483,742,26333,2021-3-15,2021-03-20
483,484,926,26887,2021-5-5,2021-05-31
484,485,969,49699,2021-1-8,2021-01-28
485,486,643,10132,2021-4-27,2021-05-08
486,487,926,21220,2021-1-9,2021-02-05
487,488,638,52570,2021-10-1,2021-10-26
488,489,77,28578,2021-8-30,2021-09-21
489,490,816,11291,2021-9-15,2021-09-29
490,491,783,10074,2021-2-24,2021-03-18
491,492,568,49046,2021-7-24,2021-08-07
492,493,895,42647,2021-4-24,2021-05-03
493,494,740,37675,2021-7-31,2021-08-15
494,495,352,41706,2021-8-10,2021-08-19
495,496,574,32782,2021-6-17,2021-06-27
496,497,900,29655,2021-7-7,2021-07-09
497,498,647,23201,2021-7-15,2021-07-23
498,499,690,52749,2021-10-24,2021-10-26
499,500,571,41037,2021-1-15,2021-01-24
500,501,706,41180,2021-2-16,2021-02-25
501,502,485,57115,2021-2-18,2021-03-07
502,503,937,43249,2021-8-19,2021-09-05
503,504,192,57782,2021-1-13,2021-02-08
504,505,737,37947,2021-8-17,2021-08-27
505,506,648,18355,2021-9-11,2021-09-27
506,507,58,29761,2021-6-20,2021-07-11
507,508,834,42640,2021-7-17,2021-08-01
508,509,676,20368,2021-1-2,2021-01-25
509,510,125,47242,2021-9-29,2021-10-01
510,511,282,43667,2021-8-22,2021-09-12
511,512,223,21235,2021-10-13,2021-11-05
512,513,950,49647,2021-5-24,2021-06-04
513,514,740,13918,2021-7-12,2021-07-22
514,515,23,20627,2021-5-23,2021-06-13
515,516,506,20934,2021-5-21,2021-05-26
516,517,797,37440,2021-6-23,2021-06-30
517,518,196,28347,2021-6-3,2021-06-18
518,519,244,23212,2021-8-23,2021-09-12
519,520,679,13400,2021-2-4,2021-03-01
520,521,382,35247,2021-3-17,2021-03-31
521,522,761,35937,2021-3-19,2021-04-05
522,523,516,17584,2021-4-25,2021-05-18
523,524,60,28334,2021-7-21,2021-08-01
524,525,986,32747,2021-9-25,2021-10-20
525,526,55,10434,2021-5-16,2021-05-22
526,527,79,16864,2021-9-13,2021-10-09
527,528,343,56020,2021-9-16,2021-10-07
528,529,767,31199,2021-1-10,2021-01-19
529,530,467,20275,2021-1-7,2021-01-23
530,531,742,26445,2021-1-14,2021-02-08
531,532,523,11590,2021-9-8,2021-09-20
532,533,558,28560,2021-6-4,2021-06-09
533,534,49,31586,2021-9-23,2021-09-26
534,535,585,23905,2021-1-25,2021-02-07
535,536,927,21110,2021-2-5,2021-02-21
536,537,203,10838,2021-2-14,2021-03-13
537,538,754,11543,2021-1-4,2021-01-26
538,539,609,55906,2021-1-3,2021-01-25
539,540,772,37955,2021-3-21,2021-03-30
540,541,490,29630,2021-8-20,2021-08-22
541,542,282,38737,2021-2-10,2021-02-14
542,543,769,12692,2021-7-28,2021-08-09
543,544,347,14706,2021-3-5,2021-03-14
544,545,439,53117,2021-6-21,2021-07-02
545,546,664,42478,2021-4-29,2021-05-19
546,547,163,13784,2021-10-19,2021-10-30
547,548,135,19053,2021-7-17,2021-07-26
548,549,401,39916,2021-6-2,2021-06-09
549,550,26,52719,2021-8-4,2021-08-09
550,551,330,51823,2021-9-16,2021-09-18
551,552,264,14653,2021-1-10,2021-01-17
552,553,49,16753,2021-3-6,2021-03-14
553,554,842,28264,2021-5-7,2021-05-26
554,555,922,42350,2021-9-3,2021-09-09
555,556,566,40530,2021-7-30,2021-08-01
556,557,504,12905,2021-4-19,2021-04-24
557,558,729,45726,2021-3-2,2021-03-18
558,559,611,22094,2021-3-3,2021-03-15
559,560,11,41952,2021-5-28,2021-06-05
560,561,764,42366,2021-2-15,2021-03-13
561,562,632,45999,2021-9-19,2021-10-03
562,563,611,56965,2021-7-4,2021-07-16
563,564,583,16074,2021-8-23,2021-09-19
564,565,442,34458,2021-2-25,2021-03-15
565,566,614,21778,2021-7-24,2021-08-10
566,567,104,25661,2021-6-21,2021-06-23
567,568,783,49427,2021-1-9,2021-01-22
568,569,757,16594,2021-3-16,2021-04-06
569,570,81,19171,2021-3-9,2021-03-14
570,571,472,23645,2021-2-2,2021-02-10
571,572,479,34112,2021-1-1,2021-01-06
572,573,736,40227,2021-1-2,2021-01-09
573,574,434,44975,2021-6-21,2021-07-03
574,575,54,27420,2021-8-14,2021-08-16
575,576,218,12261,2021-4-26,2021-05-05
576,577,840,29313,2021-2-20,2021-03-12
577,578,926,44312,2021-5-9,2021-05-12
578,579,501,15623,2021-3-28,2021-04-20
579,580,171,26947,2021-4-30,2021-05-09
580,581,708,35176,2021-5-9,2021-05-29
581,582,783,31116,2021-9-3,2021-09-18
582,583,290,54787,2021-4-7,2021-04-10
583,584,142,37030,2021-6-29,2021-07-01
584,585,844,19207,2021-3-20,2021-03-23
585,586,998,15870,2021-2-27,2021-03-22
586,587,402,44323,2021-9-8,2021-09-11
587,588,612,13740,2021-5-26,2021-06-20
588,589,692,11378,2021-6-25,2021-07-20
589,590,898,27817,2021-7-6,2021-07-15
590,591,588,39095,2021-6-18,2021-07-06
591,592,973,15464,2021-6-29,2021-07-07
592,593,515,30838,2021-2-21,2021-03-11
593,594,711,22390,2021-6-14,2021-06-23
594,595,10,45626,2021-3-9,2021-03-29
595,596,693,51828,2021-6-13,2021-06-27
596,597,107,22758,2021-8-4,2021-08-16
597,598,638,59393,2021-6-20,2021-07-05
598,599,308,47972,2021-9-23,2021-10-17
599,600,921,19484,2021-9-15,2021-09-16
600,601,916,24064,2021-6-13,2021-06-28
601,602,987,41932,2021-2-14,2021-03-07
602,603,549,42922,2021-8-30,2021-09-04
603,604,492,21635,2021-7-20,2021-08-13
604,605,402,48620,2021-8-20,2021-09-06
605,606,692,54506,2021-1-31,2021-02-08
606,607,648,36692,2021-10-19,2021-11-12
607,608,530,31878,2021-8-13,2021-08-15
608,609,25,21514,2021-4-22,2021-05-08
609,610,735,27821,2021-8-4,2021-08-31
610,611,155,56937,2021-5-1,2021-05-25
611,612,486,31877,2021-5-10,2021-05-12
612,613,682,10501,2021-5-23,2021-06-07
613,614,732,35663,2021-4-18,2021-05-03
614,615,690,28680,2021-1-31,2021-02-10
615,616,21,28727,2021-5-13,2021-05-14
616,617,371,30281,2021-8-30,2021-09-07
617,618,882,28515,2021-8-1,2021-08-26
618,619,225,58688,2021-2-25,2021-03-04
619,620,614,41599,2021-7-19,2021-08-01
620,621,102,41563,2021-7-16,2021-08-07
621,622,587,45682,2021-5-16,2021-06-07
622,623,808,36530,2021-10-20,2021-10-30
623,624,398,20149,2021-3-19,2021-04-08
624,625,233,54080,2021-7-17,2021-07-28
625,626,348,10193,2021-9-30,2021-10-17
626,627,680,19664,2021-4-3,2021-04-08
627,628,534,20973,2021-9-8,2021-09-28
628,629,904,36276,2021-8-7,2021-08-20
629,630,644,39447,2021-1-12,2021-01-31
630,631,460,30101,2021-4-14,2021-05-08
631,632,952,44405,2021-4-11,2021-04-17
632,633,183,30197,2021-7-2,2021-07-13
633,634,327,35370,2021-10-13,2021-10-23
634,635,50,51943,2021-7-15,2021-08-05
635,636,793,23528,2021-4-2,2021-04-07
636,637,886,14294,2021-8-6,2021-08-18
637,638,548,12781,2021-10-3,2021-10-17
638,639,906,51950,2021-3-30,2021-04-22
639,640,873,11002,2021-1-23,2021-01-26
640,641,20,54363,2021-3-10,2021-03-22
641,642,835,12392,2021-1-11,2021-01-26
642,643,778,50321,2021-5-18,2021-05-24
643,644,207,52925,2021-3-13,2021-03-22
644,645,794,46397,2021-8-19,2021-09-13
645,646,369,16504,2021-5-8,2021-05-28
646,647,439,10912,2021-2-6,2021-02-11
647,648,522,43363,2021-7-16,2021-07-19
648,649,840,44955,2021-7-28,2021-08-16
649,650,739,42938,2021-1-2,2021-01-15
650,651,581,39199,2021-5-22,2021-05-25
651,652,691,30816,2021-3-9,2021-03-27
652,653,629,19186,2021-2-19,2021-03-18
653,654,417,40412,2021-8-18,2021-08-30
654,655,333,36298,2021-5-25,2021-06-06
655,656,907,19288,2021-3-22,2021-03-23
656,657,479,31922,2021-7-22,2021-07-28
657,658,201,42131,2021-5-23,2021-06-05
658,659,328,45445,2021-9-30,2021-10-15
659,660,787,48757,2021-8-16,2021-08-25
660,661,427,15302,2021-9-14,2021-09-17
661,662,924,38356,2021-9-19,2021-09-29
662,663,836,14469,2021-4-9,2021-04-10
663,664,21,11960,2021-1-7,2021-01-20
664,665,176,16606,2021-3-10,2021-03-26
665,666,456,36112,2021-8-25,2021-09-11
666,667,737,48958,2021-3-23,2021-03-28
667,668,22,40483,2021-3-15,2021-03-30
668,669,247,17921,2021-6-18,2021-07-02
669,670,1,10246,2021-3-6,2021-04-01
670,671,156,28194,2021-6-22,2021-07-08
671,672,677,59213,2021-2-12,2021-02-25
672,673,326,34789,2021-2-5,2021-02-19
673,674,300,51598,2021-1-29,2021-02-05
674,675,896,43080,2021-6-5,2021-06-13
675,676,889,52587,2021-9-24,2021-10-11
676,677,267,38429,2021-7-5,2021-07-08
677,678,711,57891,2021-4-28,2021-05-14
678,679,308,37006,2021-3-5,2021-03-22
679,680,800,43491,2021-5-4,2021-05-22
680,681,463,53576,2021-10-10,2021-10-19
681,682,454,11469,2021-2-28,2021-03-18
682,683,276,59748,2021-1-1,2021-01-05
683,684,956,36919,2021-10-12,2021-10-17
684,685,851,22299,2021-8-6,2021-08-21
685,686,799,47994,2021-6-14,2021-06-15
686,687,341,39406,2021-3-30,2021-04-12
687,688,574,55980,2021-3-8,2021-03-29
688,689,884,12572,2021-10-3,2021-10-28
689,690,941,32100,2021-10-5,2021-10-26
690,691,78,46697,2021-4-3,2021-04-19
691,692,697,13501,2021-6-18,2021-07-05
692,693,714,28424,2021-4-29,2021-05-16
693,694,634,56801,2021-4-17,2021-05-11
694,695,92,26374,2021-7-1,2021-07-20
695,696,230,50224,2021-9-1,2021-09-27
696,697,830,12310,2021-7-20,2021-07-28
697,698,821,40922,2021-5-19,2021-06-13
698,699,311,58950,2021-1-29,2021-02-12
699,700,788,55928,2021-7-1,2021-07-26
700,701,659,40717,2021-8-28,2021-09-10
701,702,310,31509,2021-6-23,2021-07-14
702,703,327,26168,2021-2-7,2021-02-28
703,704,260,45954,2021-7-21,2021-07-27
704,705,107,11686,2021-1-14,2021-01-25
705,706,844,12902,2021-7-20,2021-07-21
706,707,589,25153,2021-5-12,2021-05-18
707,708,687,56307,2021-10-24,2021-11-10
708,709,772,36257,2021-6-17,2021-07-13
709,710,134,27729,2021-2-7,2021-02-08
710,711,228,16935,2021-6-22,2021-07-08
711,712,474,11718,2021-8-18,2021-08-29
712,713,241,15915,2021-7-14,2021-08-09
713,714,50,15121,2021-2-7,2021-02-19
714,715,225,51678,2021-10-19,2021-11-12
715,716,502,32660,2021-7-31,2021-08-26
716,717,696,52327,2021-3-11,2021-04-05
717,718,665,55727,2021-5-13,2021-05-20
718,719,387,24377,2021-9-19,2021-09-24
719,720,465,33029,2021-3-12,2021-03-23
720,721,755,59414,2021-8-28,2021-09-04
721,722,401,20524,2021-10-24,2021-11-20
722,723,135,54098,2021-10-3,2021-10-16
723,724,394,14883,2021-3-4,2021-03-28
724,725,674,55213,2021-9-26,2021-10-05
725,726,447,28356,2021-9-15,2021-10-05
726,727,852,56021,2021-5-1,2021-05-18
727,728,526,10662,2021-8-29,2021-08-30
728,729,1,35593,2021-2-18,2021-03-01
729,730,88,16533,2021-6-20,2021-07-10
730,731,214,44433,2021-6-21,2021-07-02
731,732,40,40317,2021-5-9,2021-05-29
732,733,387,42467,2021-5-26,2021-06-22
733,734,623,30153,2021-1-25,2021-01-31
734,735,754,39820,2021-10-3,2021-10-16
735,736,793,26942,2021-4-10,2021-05-03
736,737,453,30264,2021-5-26,2021-05-30
737,738,144,57487,2021-7-16,2021-08-09
738,739,211,32122,2021-9-14,2021-09-23
739,740,178,58226,2021-2-5,2021-02-10
740,741,710,31913,2021-2-3,2021-02-17
741,742,750,51184,2021-10-21,2021-11-01
742,743,909,25854,2021-3-25,2021-03-27
743,744,107,23613,2021-1-25,2021-02-14
744,745,643,13862,2021-3-21,2021-04-01
745,746,445,24804,2021-6-19,2021-06-27
746,747,299,22099,2021-5-11,2021-05-28
747,748,27,49811,2021-5-16,2021-06-06
748,749,693,25016,2021-9-20,2021-09-24
749,750,758,58084,2021-2-19,2021-03-01
750,751,254,47650,2021-6-20,2021-07-06
751,752,535,46911,2021-10-8,2021-10-12
752,753,40,39610,2021-2-20,2021-02-28
753,754,778,43858,2021-6-30,2021-07-23
754,755,123,47937,2021-4-11,2021-05-06
755,756,318,23746,2021-3-19,2021-03-29
756,757,632,45216,2021-6-3,2021-06-15
757,758,781,24144,2021-3-27,2021-04-21
758,759,857,18160,2021-6-6,2021-07-03
759,760,207,14658,2021-7-9,2021-07-11
760,761,198,52629,2021-10-3,2021-10-25
761,762,83,25268,2021-8-13,2021-08-20
762,763,974,30436,2021-3-18,2021-04-05
763,764,955,46239,2021-9-16,2021-10-04
764,765,660,27554,2021-1-15,2021-02-01
765,766,929,13750,2021-8-6,2021-08-15
766,767,169,51648,2021-4-28,2021-04-30
767,768,558,34334,2021-9-29,2021-10-16
768,769,422,32501,2021-9-10,2021-10-04
769,770,868,22564,2021-2-6,2021-02-28
770,771,970,33204,2021-6-6,2021-06-18
771,772,573,32936,2021-6-7,2021-06-27
772,773,998,21349,2021-7-19,2021-08-07
773,774,416,31076,2021-6-23,2021-07-13
774,775,348,21561,2021-6-11,2021-07-05
775,776,265,44395,2021-9-2,2021-09-27
776,777,431,13696,2021-1-16,2021-02-09
777,778,42,19228,2021-1-24,2021-02-07
778,779,698,39836,2021-7-7,2021-07-21
779,780,100,37821,2021-1-27,2021-01-29
780,781,465,44121,2021-8-21,2021-09-11
781,782,872,28459,2021-3-7,2021-03-23
782,783,683,31824,2021-1-17,2021-01-19
783,784,436,45143,2021-3-14,2021-04-04
784,785,445,52702,2021-3-22,2021-04-02
785,786,472,51344,2021-5-2,2021-05-08
786,787,44,59055,2021-7-18,2021-07-31
787,788,108,18355,2021-10-8,2021-10-13
788,789,762,35084,2021-10-11,2021-11-03
789,790,187,46050,2021-5-16,2021-05-27
790,791,476,51003,2021-5-5,2021-05-21
791,792,240,13672,2021-7-16,2021-08-12
792,793,258,39635,2021-1-27,2021-02-03
793,794,418,55757,2021-4-18,2021-05-08
794,795,427,51672,2021-6-7,2021-06-30
795,796,592,18804,2021-7-31,2021-08-06
796,797,908,41715,2021-7-25,2021-08-06
797,798,825,54551,2021-3-17,2021-04-01
798,799,651,41626,2021-3-11,2021-04-04
799,800,422,20089,2021-6-21,2021-06-23
800,801,995,58829,2021-8-2,2021-08-17
801,802,501,52930,2021-10-5,2021-10-23
802,803,625,25565,2021-4-3,2021-04-16
803,804,323,18090,2021-4-10,2021-04-21
804,805,416,13968,2021-10-2,2021-10-03
805,806,684,41441,2021-8-1,2021-08-16
806,807,636,47092,2021-2-17,2021-03-03
807,808,219,50929,2021-10-13,2021-10-30
808,809,73,26098,2021-2-11,2021-02-25
809,810,768,37440,2021-3-22,2021-04-04
810,811,764,23731,2021-10-22,2021-10-24
811,812,183,51668,2021-7-9,2021-07-13
812,813,908,52226,2021-8-11,2021-09-01
813,814,664,47232,2021-3-4,2021-03-28
814,815,572,50066,2021-5-2,2021-05-17
815,816,620,32362,2021-2-2,2021-02-06
816,817,944,35818,2021-6-27,2021-07-05
817,818,865,16625,2021-3-15,2021-04-10
818,819,461,48601,2021-1-19,2021-01-22
819,820,801,33182,2021-9-25,2021-10-03
820,821,118,27802,2021-1-3,2021-01-10
821,822,524,17615,2021-9-5,2021-09-12
822,823,223,15928,2021-4-29,2021-05-04
823,824,724,51124,2021-1-4,2021-01-28
824,825,787,13832,2021-1-27,2021-02-22
825,826,375,32770,2021-8-16,2021-09-06
826,827,292,27202,2021-5-9,2021-06-05
827,828,601,32593,2021-1-9,2021-01-27
828,829,951,22744,2021-4-6,2021-04-28
829,830,956,36830,2021-3-22,2021-03-23
830,831,338,17700,2021-8-4,2021-08-20
831,832,627,52583,2021-9-6,2021-09-27
832,833,317,12955,2021-3-3,2021-03-20
833,834,139,27691,2021-2-23,2021-03-08
834,835,106,34923,2021-1-2,2021-01-07
835,836,971,16047,2021-8-18,2021-08-24
836,837,989,16281,2021-1-12,2021-01-27
837,838,946,56562,2021-1-2,2021-01-15
838,839,306,42095,2021-9-16,2021-09-27
839,840,183,50682,2021-6-30,2021-07-08
840,841,348,39690,2021-6-29,2021-07-12
841,842,310,22552,2021-1-10,2021-01-29
842,843,956,17717,2021-7-3,2021-07-09
843,844,35,34733,2021-9-26,2021-10-18
844,845,457,11229,2021-4-25,2021-05-22
845,846,515,58585,2021-9-17,2021-10-10
846,847,566,43999,2021-10-19,2021-11-04
847,848,813,18195,2021-9-24,2021-10-14
848,849,882,21468,2021-8-11,2021-09-01
849,850,254,16739,2021-4-8,2021-04-27
850,851,365,15504,2021-4-23,2021-05-02
851,852,102,42616,2021-4-11,2021-05-08
852,853,653,28448,2021-9-27,2021-10-18
853,854,680,55361,2021-8-10,2021-08-27
854,855,620,13177,2021-1-26,2021-02-02
855,856,289,35823,2021-1-13,2021-01-22
856,857,577,43897,2021-9-1,2021-09-10
857,858,987,48827,2021-3-16,2021-03-27
858,859,269,42679,2021-3-26,2021-04-09
859,860,570,18813,2021-4-9,2021-05-04
860,861,315,11565,2021-5-31,2021-06-20
861,862,984,43784,2021-10-11,2021-10-20
862,863,81,33163,2021-5-10,2021-05-18
863,864,414,48691,2021-3-29,2021-04-17
864,865,490,24343,2021-7-27,2021-07-30
865,866,88,48270,2021-4-11,2021-04-21
866,867,342,42248,2021-3-23,2021-04-07
867,868,937,43447,2021-3-31,2021-04-03
868,869,605,11108,2021-9-25,2021-10-20
869,870,647,47385,2021-8-1,2021-08-12
870,871,550,10888,2021-9-24,2021-10-08
871,872,954,43868,2021-9-26,2021-10-14
872,873,100,55341,2021-4-25,2021-05-07
873,874,557,25370,2021-3-25,2021-04-10
874,875,383,25336,2021-2-26,2021-02-27
875,876,566,52388,2021-5-20,2021-05-24
876,877,558,25468,2021-7-14,2021-08-02
877,878,470,50578,2021-3-31,2021-04-20
878,879,370,37561,2021-10-11,2021-10-20
879,880,872,43851,2021-2-19,2021-03-16
880,881,318,51945,2021-2-18,2021-03-10
881,882,821,53666,2021-7-5,2021-07-07
882,883,360,43729,2021-2-27,2021-03-05
883,884,62,54659,2021-8-16,2021-09-08
884,885,16,27561,2021-10-18,2021-11-13
885,886,898,51067,2021-9-22,2021-10-18
886,887,669,10969,2021-1-27,2021-02-20
887,888,108,38001,2021-4-20,2021-05-03
888,889,332,27115,2021-7-31,2021-08-11
889,890,649,54889,2021-6-21,2021-07-07
890,891,350,36118,2021-8-12,2021-08-14
891,892,586,21071,2021-4-9,2021-04-11
892,893,854,49324,2021-3-6,2021-03-14
893,894,1000,35622,2021-10-11,2021-10-13
894,895,664,56830,2021-7-26,2021-08-15
895,896,446,46213,2021-3-14,2021-03-31
896,897,278,46681,2021-8-26,2021-09-17
897,898,465,51868,2021-6-30,2021-07-04
898,899,408,32250,2021-8-4,2021-08-14
899,900,409,31161,2021-7-7,2021-07-24
900,901,305,46735,2021-5-5,2021-05-06
901,902,553,30330,2021-1-12,2021-01-15
902,903,789,21721,2021-1-5,2021-01-21
903,904,980,40117,2021-3-24,2021-04-07
904,905,439,57884,2021-1-11,2021-01-23
905,906,870,40632,2021-1-21,2021-02-04
906,907,971,26863,2021-8-15,2021-08-17
907,908,422,55562,2021-3-15,2021-04-08
908,909,465,34050,2021-7-18,2021-08-09
909,910,738,14581,2021-1-27,2021-02-06
910,911,189,58886,2021-8-23,2021-09-06
911,912,780,48097,2021-8-23,2021-09-09
912,913,597,16265,2021-4-3,2021-04-19
913,914,577,36771,2021-5-9,2021-05-12
914,915,266,49775,2021-4-17,2021-05-04
915,916,189,31001,2021-10-12,2021-10-19
916,917,750,15620,2021-1-2,2021-01-12
917,918,965,24379,2021-3-7,2021-04-03
918,919,97,53662,2021-6-29,2021-07-21
919,920,703,27722,2021-7-26,2021-08-16
920,921,418,53911,2021-2-17,2021-02-18
921,922,703,36995,2021-10-10,2021-11-02
922,923,767,28421,2021-7-5,2021-07-26
923,924,786,43116,2021-4-4,2021-04-18
924,925,272,47553,2021-7-16,2021-08-12
925,926,123,13634,2021-2-8,2021-02-18
926,927,963,24139,2021-8-2,2021-08-06
927,928,801,42930,2021-10-14,2021-10-19
928,929,397,19614,2021-1-31,2021-02-06
929,930,150,17581,2021-6-22,2021-06-30
930,931,502,12528,2021-6-4,2021-06-19
931,932,45,27978,2021-8-22,2021-08-23
932,933,595,55917,2021-4-28,2021-05-20
933,934,736,23252,2021-4-3,2021-04-21
934,935,129,16962,2021-7-1,2021-07-16
935,936,148,47197,2021-7-16,2021-08-01
936,937,72,13216,2021-6-4,2021-06-25
937,938,128,41631,2021-6-12,2021-06-28
938,939,432,24169,2021-4-2,2021-04-21
939,940,813,11980,2021-9-11,2021-10-04
940,941,662,56019,2021-9-30,2021-10-05
941,942,282,46279,2021-6-9,2021-06-10
942,943,76,26707,2021-2-22,2021-03-14
943,944,774,27648,2021-7-17,2021-08-09
944,945,54,11172,2021-7-4,2021-07-22
945,946,455,33414,2021-4-20,2021-05-13
946,947,49,47022,2021-6-24,2021-07-02
947,948,35,18783,2021-8-24,2021-09-02
948,949,244,50347,2021-2-2,2021-02-17
949,950,328,43066,2021-10-16,2021-10-31
950,951,515,28300,2021-9-30,2021-10-23
951,952,883,57857,2021-8-5,2021-08-25
952,953,733,28033,2021-4-18,2021-04-26
953,954,370,33703,2021-3-28,2021-04-15
954,955,209,30609,2021-1-20,2021-02-05
955,956,549,19917,2021-5-18,2021-06-07
956,957,740,47132,2021-8-20,2021-08-30
957,958,577,42170,2021-6-21,2021-07-01
958,959,565,10777,2021-1-17,2021-02-10
959,960,362,32197,2021-9-19,2021-10-07
960,961,717,54557,2021-3-19,2021-04-15
961,962,657,49485,2021-2-9,2021-02-18
962,963,108,18632,2021-6-18,2021-07-14
963,964,367,22258,2021-7-8,2021-07-16
964,965,69,14014,2021-7-24,2021-07-29
965,966,639,28100,2021-2-25,2021-03-10
966,967,306,32010,2021-10-11,2021-11-07
967,968,765,32223,2021-3-14,2021-04-03
968,969,639,23565,2021-5-22,2021-05-25
969,970,382,36941,2021-1-4,2021-01-23
970,971,272,40173,2021-8-26,2021-09-12
971,972,117,10698,2021-7-22,2021-08-08
972,973,232,49214,2021-9-4,2021-09-24
973,974,221,17928,2021-1-22,2021-02-18
974,975,316,28211,2021-1-18,2021-01-30
975,976,778,11014,2021-10-15,2021-11-04
976,977,463,19220,2021-4-23,2021-05-06
977,978,827,24589,2021-4-24,2021-05-18
978,979,813,31437,2021-4-7,2021-04-21
979,980,84,57728,2021-10-19,2021-11-14
980,981,830,37730,2021-10-2,2021-10-12
981,982,123,33286,2021-3-30,2021-04-07
982,983,677,49941,2021-7-12,2021-07-14
983,984,359,10390,2021-9-23,2021-09-30
984,985,581,59558,2021-2-7,2021-02-09
985,986,116,13431,2021-8-2,2021-08-15
986,987,247,30215,2021-7-13,2021-08-09
987,988,496,27204,2021-2-4,2021-02-16
988,989,595,27217,2021-1-6,2021-01-29
989,990,87,40306,2021-8-17,2021-09-06
990,991,493,17535,2021-1-9,2021-01-16
991,992,770,53679,2021-7-23,2021-08-14
992,993,268,33479,2021-3-29,2021-04-11
993,994,920,59074,2021-7-15,2021-07-17
994,995,15,43588,2021-4-14,2021-04-28
995,996,345,37843,2021-1-13,2021-02-02
996,997,346,53831,2021-1-18,2021-01-31
997,998,407,53308,2021-5-5,2021-05-21
998,999,428,31643,2021-6-15,2021-07-12
999,1000,896,27836,2021-4-7,2021-04-24
